"","degree","normalised.degree","species.strength","interaction.push.pull","nestedrank","PDI","species.specificity.index","resource.range","PSI","node.specialisation.index.NSI","betweenness","weighted.betweenness","closeness","weighted.closeness","Fisher.alpha","partner.diversity","effective.partners","proportional.similarity","proportional.generality","d"
"Glossoloma oblongicalyx",1,0.111111111111111,1,0,0.833333333333333,1,1,1,1,NA,0,0,0,NA,1677720700.50048,0,1,0.0416666666666667,0.148123962689656,1
"Sarcopera anomala",1,0.111111111111111,1,0,1,1,1,1,1,NA,0,0,0,NA,1677720700.50048,0,1,0.0416666666666667,0.148123962689656,1
"Besleria solanoides",1,0.111111111111111,1,0,0.333333333333333,1,1,1,1,NA,0,0,0,NA,0.795926633452104,0,1,0.0833333333333333,0.148123962689656,1
"Heliconia griggsiana",1,0.111111111111111,0.666666666666667,-0.333333333333333,0.5,1,1,1,1,1.5,0,0,0.3,0.3,0.795926633452104,0,1,0.125,0.148123962689656,0.783038551013299
"Meriania tomentosa",1,0.111111111111111,1,0,0.666666666666667,1,1,1,1,NA,0,0,0,NA,0.795926633452104,0,1,0.0833333333333333,0.148123962689656,1
"Centropogon solanifolius",4,0.444444444444444,2.76190476190476,0.44047619047619,0,0.875,0.5,0.625,1,1,1,1,0.4,0.3,5.24460493178456,1.242453324894,3.46410161513775,0.5,0.513116458393841,0.463225777187269
"Glossoloma purpureum",2,0.222222222222222,1.57142857142857,0.285714285714286,0.166666666666667,0.916666666666667,0.678232998312527,0.875,1,1.5,0,0,0.3,0.266666666666667,0.75178092531656,0.673011667009257,1.96013170420779,0.541666666666667,0.290342475420886,0.690136286744999
