"","degree","normalised.degree","species.strength","interaction.push.pull","nestedrank","PDI","resource.range","species.specificity.index","PSI","node.specialisation.index.NSI","betweenness","weighted.betweenness","closeness","weighted.closeness","Fisher.alpha","partner.diversity","effective.partners","proportional.generality","proportional.similarity","d"
"Tawny-bellied Hermit",1,0.2,0.8,-0.2,0.2,1,1,1,0.8,1,0,0,0.25,1.6,0.427945957592403,0,1,0.254944079983333,0.454545454545455,0.695491229632631
"Brown Inca",1,0.2,0.666666666666667,-0.333333333333333,0.4,1,1,1,0.666666666666667,1,0,0,0.25,NA,0.795926633452104,0,1,0.254944079983333,0.272727272727273,0.700548307455205
"Collared Inca",2,0.4,1.33333333333333,0.166666666666667,0,0.75,0.75,0.612372435695795,0.666666666666667,1,0,0,0.25,NA,2941562359.8741,0.693147180559945,2,0.509888159966666,0.363636363636364,0.594316128917787
"Booted Racketail",1,0.2,1,0,0.6,1,1,1,1,NA,0,0,0,NA,1677720700.50048,0,1,0.254944079983333,0.0909090909090909,1
"Stripe-throated Hermit",1,0.2,1,0,0.8,1,1,1,1,NA,0,0,0,NA,1677720700.50048,0,1,0.254944079983333,0.0909090909090909,1
"Violet-tailed Sylph",1,0.2,0.2,-0.8,1,1,1,1,0.2,1,0,0,0.25,0.4,1677720700.50048,0,1,0.254944079983333,0.454545454545455,0
