"","degree","normalised.degree","species.strength","interaction.push.pull","nestedrank","PDI","species.specificity.index","resource.range","PSI","node.specialisation.index.NSI","betweenness","weighted.betweenness","closeness","weighted.closeness","Fisher.alpha","partner.diversity","effective.partners","proportional.similarity","proportional.generality","d"
"Gasteranthus quitensis",1,0.142857142857143,0.2,-0.8,0.5,1,1,1,1,1,0,0,0.1875,0.266666666666667,1677720700.50048,0,1,0.263157894736842,0.176832541383357,0
"Macleania stricta",1,0.142857142857143,1,0,0.625,1,1,1,1,NA,0,0,0,NA,1677720700.50048,0,1,0.0526315789473684,0.176832541383357,1
"Meriania tomentosa",1,0.142857142857143,0.5,-0.5,0.75,1,1,1,1,1,0,0,0.0625,NA,1677720700.50048,0,1,0.105263157894737,0.176832541383357,0.569323441926607
"Psammisia ulbrichiana",1,0.142857142857143,0.25,-0.75,0.875,1,1,1,1,1,0,0,0.0625,NA,1677720700.50048,0,1,0.210526315789474,0.176832541383357,0.138646883853214
"Stromanthe stromanthoides",1,0.142857142857143,0.2,-0.8,1,1,1,1,1,1,0,0,0.1875,0.266666666666667,1677720700.50048,0,1,0.263157894736842,0.176832541383357,0
"Besleria solanoides",2,0.285714285714286,1.5,0.25,0.125,0.833333333333333,0.645497224367903,0.833333333333333,1,1,0,0,0.0625,NA,2941562359.8741,0.693147180559945,2,0.157894736842105,0.353665082766714,0.784661720963303
"Glossoloma purpureum",1,0.142857142857143,0.4,-0.6,0.375,1,1,1,1,1,0,0,0.1875,0.533333333333333,0.795926633452104,0,1,0.263157894736842,0.176832541383357,0.430676558073393
"Palicourea demissa",2,0.285714285714286,1.2,0.1,0.25,0.833333333333333,0.645497224367903,0.833333333333333,1,1,0,0,0.1875,0.266666666666667,2941562359.8741,0.693147180559945,2,0.315789473684211,0.353665082766714,0.5
"Guzmania squarrosa",2,0.285714285714286,1.75,0.375,0,0.9,0.673145600891813,0.833333333333333,1,1,0,0,0.0625,NA,0.855931944224533,0.661563238157982,1.93781924087838,0.473684210526316,0.342669501106092,0.849764031277323
