"","degree","normalised.degree","species.strength","interaction.push.pull","nestedrank","PDI","species.specificity.index","resource.range","PSI","node.specialisation.index.NSI","betweenness","weighted.betweenness","closeness","weighted.closeness","Fisher.alpha","partner.diversity","effective.partners","proportional.similarity","proportional.generality","d"
"Guzmania amplectens",1,0.111111111111111,0.25,-0.75,0.5,1,1,1,1,2,0,0,0.175,0.0606060606060606,1677720700.50048,0,1,0.166666666666667,0.162950709500745,0.397940008672038
"Macleania stricta",1,0.111111111111111,0.5,-0.5,0.666666666666667,1,1,1,1,2.25,0,0,0.1625,0.0579710144927536,1677720700.50048,0,1,0.0833333333333333,0.162950709500745,0.698970004336019
"Palicourea demissa",1,0.111111111111111,1,0,0.833333333333333,1,1,1,1,NA,0,0,0,NA,1677720700.50048,0,1,0.0416666666666667,0.162950709500745,1
"Sarcopera anomala",1,0.111111111111111,1,0,1,1,1,1,1,NA,0,0,0,NA,1677720700.50048,0,1,0.0416666666666667,0.162950709500745,1
"Renealmia sessilifolia",2,0.222222222222222,1,0,0.166666666666667,0.875,0.661437827766148,0.875,1,1.5,0.375,0.375,0.225,0.0952380952380952,2941562359.8741,0.693147180559945,2,0.166666666666667,0.32590141900149,0.624196350581785
"Glossoloma purpureum",1,0.111111111111111,0.7,-0.3,0.333333333333333,1,1,1,1,2,0,0,0.175,0.113821138211382,0.319256906602962,0,1,0.416666666666667,0.162950709500745,0.647238407503822
"Stromanthe stromanthoides",6,0.666666666666667,4.55,0.591666666666667,0,0.666666666666667,0.327777388678545,0.375,1,1.25,0.625,0.625,0.2625,0.121212121212121,5.40280531899817,1.67262544615032,5.3261329320071,0.689393939393939,0.86789714016584,0.275250997961737
